<?xml version="1.0" encoding="UTF-8"?>
<project-private xmlns="http://www.netbeans.org/ns/project-private/1">
    <editor-bookmarks xmlns="http://www.netbeans.org/ns/editor-bookmarks/2" lastBookmarkId="0"/>
    <open-files xmlns="http://www.netbeans.org/ns/projectui-open-files/2">
        <group>
            <file>file:/D:/Projects/humhub/modules/socialshare/widgets/ShareLink.php</file>
            <file>file:/D:/Projects/humhub/modules/socialshare/Events.php</file>
            <file>file:/D:/Projects/humhub/modules/socialshare/module.json</file>
            <file>file:/D:/Projects/humhub/modules/socialshare/Module.php</file>
            <file>file:/D:/Projects/humhub/modules/socialshare/config.php</file>
            <file>file:/D:/Projects/humhub/modules/socialshare/widgets/views/shareLink.php</file>
        </group>
    </open-files>
</project-private>
